<?xml version="1.0" encoding="UTF-8"?>
<project-private xmlns="http://www.netbeans.org/ns/project-private/1">
    <editor-bookmarks xmlns="http://www.netbeans.org/ns/editor-bookmarks/2" lastBookmarkId="0"/>
    <open-files xmlns="http://www.netbeans.org/ns/projectui-open-files/2">
        <group>
            <file>file:/C:/Data/Dropbox/UPCE/2r_2s/IDATS/Sem_B_Svoboda_Oldrich/Svoboda_Oldrich_Sem_B/src/bvs/AbstrBVS.java</file>
            <file>file:/C:/Data/Dropbox/UPCE/2r_2s/IDATS/Sem_B_Svoboda_Oldrich/Svoboda_Oldrich_Sem_B/src/ifo/AbstrLIFO.java</file>
            <file>file:/C:/Data/Dropbox/UPCE/2r_2s/IDATS/Sem_B_Svoboda_Oldrich/Svoboda_Oldrich_Sem_B/src/obce/IObec.java</file>
            <file>file:/C:/Data/Dropbox/UPCE/2r_2s/IDATS/Sem_B_Svoboda_Oldrich/Svoboda_Oldrich_Sem_B/src/obce/Obec.java</file>
            <file>file:/C:/Data/Dropbox/UPCE/2r_2s/IDATS/Sem_B_Svoboda_Oldrich/Svoboda_Oldrich_Sem_B/src/rozhrani/ProgAgendaKraj.java</file>
            <file>file:/C:/Data/Dropbox/UPCE/2r_2s/IDATS/Sem_B_Svoboda_Oldrich/Svoboda_Oldrich_Sem_B/src/obce/IKlic.java</file>
            <file>file:/C:/Data/Dropbox/UPCE/2r_2s/IDATS/Sem_B_Svoboda_Oldrich/Svoboda_Oldrich_Sem_B/src/doubleList/IAbstrDoubleList.java</file>
            <file>file:/C:/Data/Dropbox/UPCE/2r_2s/IDATS/Sem_B_Svoboda_Oldrich/Svoboda_Oldrich_Sem_B/src/doubleList/AbstrDoubleList.java</file>
            <file>file:/C:/Data/Dropbox/UPCE/2r_2s/IDATS/Sem_B_Svoboda_Oldrich/Svoboda_Oldrich_Sem_B/src/ifo/AbstrFIFO.java</file>
        </group>
    </open-files>
</project-private>
